{"products":[{"id":"0.4101444011376203","qty":2}],"totalPrice":19.980000000000004}